{"name":"cbbe3577-ddf1-4a21-ae58-5acf8848b770","id":"/providers/Microsoft.Flow/flows/cbbe3577-ddf1-4a21-ae58-5acf8848b770","type":"Microsoft.Flow/flows","properties":{"apiId":"/providers/Microsoft.PowerApps/apis/shared_logicflows","displayName":"Upload Instagram feed to SharePoint","definition":{"metadata":{"workflowEntityId":null,"creator":{"id":"48e8a1ab-0d3a-4f9b-b200-e9e9d1437a2b","type":"User","tenantId":"b618d3d2-c131-42fd-a629-3711d84af275"},"provisioningMethod":"FromDefinition","failureAlertSubscription":true,"clientLastModifiedTime":"2018-12-03T22:39:01.9884247Z"},"$schema":"https://schema.management.azure.com/providers/Microsoft.Logic/schemas/2016-06-01/workflowdefinition.json#","contentVersion":"1.0.0.0","parameters":{"$connections":{"defaultValue":{},"type":"Object"},"$authentication":{"defaultValue":{},"type":"SecureObject"}},"triggers":{"When_I_upload_a_new_media":{"recurrence":{"interval":1,"frequency":"Minute"},"splitOn":"@triggerBody()?['data']","metadata":{"flowSystemMetadata":{"swaggerOperationId":"OnMyNewMedia"}},"type":"ApiConnection","inputs":{"host":{"api":{"runtimeUrl":"https://flow-apim-europe-001-westeurope-01.azure-apim.net/apim/instagram"},"connection":{"name":"@parameters('$connections')['shared_instagram']['connectionId']"}},"method":"get","path":"/trigger/users/self/media/recent","authentication":"@parameters('$authentication')"}}},"actions":{"Get_Image_Contents":{"runAfter":{},"type":"Http","inputs":{"method":"GET","uri":"@triggerBody()?['images']?['standard_resolution']?['url']"}},"Create_Image_as_a_file":{"runAfter":{"Get_Image_Contents":["Succeeded"]},"metadata":{"flowSystemMetadata":{"swaggerOperationId":"CreateFile"}},"type":"ApiConnection","inputs":{"host":{"api":{"runtimeUrl":"https://flow-apim-europe-001-francecentral-01.azure-apim.net/apim/sharepointonline"},"connection":{"name":"@parameters('$connections')['shared_sharepointonline_3']['connectionId']"}},"method":"post","body":"@body('Get_Image_Contents')","path":"/datasets/@{encodeURIComponent(encodeURIComponent('https://mcdonnell.sharepoint.com/sites/Ops'))}/files","queries":{"folderPath":"/InstagramFeed","name":"@{triggerBody()?['id']}.jpg","queryParametersSingleEncoded":true},"authentication":"@parameters('$authentication')"}}},"outputs":{}},"connectionReferences":{"shared_sharepointonline_3":{"connectionName":"shared-sharepointonl-e04101f2-e27f-4fb1-a04c-4eaa8b6fab17","source":"Embedded","id":"/providers/Microsoft.PowerApps/apis/shared_sharepointonline","tier":"NotSpecified"},"shared_instagram":{"connectionName":"shared-instagram-c700aad6-5cc8-432b-abda-d22bb86cefd2","source":"Embedded","id":"/providers/Microsoft.PowerApps/apis/shared_instagram","tier":"NotSpecified"}},"flowFailureAlertSubscribed":false}}